<?xml version="1.0" encoding="UTF-8"?>
<project-private xmlns="http://www.netbeans.org/ns/project-private/1">
    <editor-bookmarks xmlns="http://www.netbeans.org/ns/editor-bookmarks/2" lastBookmarkId="0"/>
    <open-files xmlns="http://www.netbeans.org/ns/projectui-open-files/2">
        <group>
            <file>file:/C:/Users/kenza%20%20ben%20debba/Documents/NetBeansProjects/last1/src/tableView/AddCinemaController.java</file>
            <file>file:/C:/Users/kenza%20%20ben%20debba/Documents/NetBeansProjects/last1/src/tableView/tableView.fxml</file>
            <file>file:/C:/Users/kenza%20%20ben%20debba/Documents/NetBeansProjects/last1/src/helpers/DbConnect.java</file>
            <file>file:/C:/Users/kenza%20%20ben%20debba/Documents/NetBeansProjects/last1/src/tableView/addCinema.fxml</file>
            <file>file:/C:/Users/kenza%20%20ben%20debba/Documents/NetBeansProjects/last1/src/tableView/tableview.css</file>
            <file>file:/C:/Users/kenza%20%20ben%20debba/Documents/NetBeansProjects/last1/src/tableView/TableViewController.java</file>
            <file>file:/C:/Users/kenza%20%20ben%20debba/Documents/NetBeansProjects/last1/src/last1/Last1.java</file>
            <file>file:/C:/Users/kenza%20%20ben%20debba/Documents/NetBeansProjects/last1/src/models/Cinema.java</file>
            <file>file:/C:/Users/kenza%20%20ben%20debba/Documents/NetBeansProjects/last1/nbproject/jfx-impl.xml</file>
        </group>
    </open-files>
</project-private>
